Index,Customer Id,First Name,Last Name,Company,City,Country,Phone 1,Phone 2,Email,Subscription Date,Website
46,fF8bc9C72D6c38b,Jill,Esparza,Herrera and Sons,Hendricksfort,Indonesia,001-218-793-7724x2810,253.141.8420,gregghendricks@conner-weiss.info,2020-09-24,http://harris.net/
62,43f683C3361eb65,Doris,Drake,"Rich, Edwards and Miranda",Lukemouth,Indonesia,184-508-9386x4549,+1-839-084-8619x4015,carpentergary@vance-weeks.com,2022-03-03,https://www.snow.org/
153,aa1CD1AD0CB4dEf,Tyler,Oconnell,"Kemp, Mcpherson and Miranda",West Mariamouth,Indonesia,080.144.4110x65237,164-410-7696,lunakirsten@zimmerman-salinas.org,2020-06-15,https://howard-crawford.com/ 491,91EcFf93A80A41d,Dan,Kerr,"Sampson, Stone and Stanley",Tamiborough,Indonesia,001-084-871-7375,242-980-4459x2183,garnerjeremiah@gonzales.org,2021-10-16,http://www.quinn-pineda.com/ 517,FA40E012DDc1cfd,Larry,Davis,"Johns, Mays and Trevino",East Albertborough,Indonesia,357-597-6977x2627,952.479.7884,isabelcooley@newton.com,2022-01-11,http://www.novak.org/ 548,CCa0E4e9b1fd0B2,Kim,Dunlap,Walton Ltd,Paulside,Indonesia,+1-161-725-1294x79284,877-296-1801,foxeric@strickland-hernandez.net,2020-07-23,http://www.barajas.info/ 652,31fD3fD08F5947f,Ronnie,Burton,Manning-Clarke,Lake Jo,Indonesia,001-541-532-9393x7314,3353807045,misty35@oconnell.com,2020-06-06,https://www.cortez.com/ 771,6FeDaff33A0E89d,Beverly,Mooney,"Adkins, Gomez and Rocha",South Preston,Indonesia,(294)548-6584,696.326.6231,gabriellavillegas@hines.com,2021-03-12,http://gamble-wallace.biz/ 1010,9B13Eb7a280B7E9,Kelsey,Colon,Andrade-Sawyer,Lesterfort,Indonesia,+1-990-015-4214x4165,001-270-221-6376x1125,oowens@valenzuela.biz,2020-10-14,http://hickman.com/ 1173,8c293db36f8c733,Mallory,Nguyen,Ball and Sons,Lake Tashaport,Indonesia,761.869.2824x718,543-782-2970,klawson@newman.com,2021-12-30,http://craig-barton.org/ 1177,6ED19aad3BdDE89,Kristy,Mccoy,Vazquez Inc,South Sheilaberg,Indonesia,001-533-429-5145x42861,776-058-1234x29480,dominic94@mcdonald.info,2020-04-10,http://www.bentley.com/ 1645,bc011dE2C2aC99D,Charles,Chen,"Beck, Ortiz and Dunn",Martinhaven,Indonesia,+1-588-534-2721x49783,298.841.1919,eclements@gordon-combs.com,2020-07-06,https://blackwell-williams.com/
1779,c6c68a7A59A9B8d,Rebecca,Singleton,Aguilar PLC,North Caitlinchester,Indonesia,(832)549-8161,+1-741-086-0739x21171,conwaytommy@mullins.info,2021-07-06,http://www.hunt.org/
2001,1d33fD8cFc8372d,Kendra,Banks,Frey-Krause,Chasefurt,Indonesia,614-529-3677x831,(101)924-9066,tonibest@ellis.biz,2020-10-11,http://www.gonzales.com/
2139,fA8d3f90B787641,Yesenia,Shepard,Contreras-Bowers,Rollinsport,Indonesia,148.884.0565x0750,+1-702-511-2163x5356,wwilliams@khan.com,2021-02-13,https://franco-gentry.com/
2485,3DbcDDda3F5baFA,Alex,Stokes,Barajas PLC,Masonchester,Indonesia,166-793-2751x1508,001-905-717-9103x36624,christyreed@wood.com,2021-10-20,https://www.landry.com/
2749,c0FFadBbdDdbe6D,Earl,Merritt,Harris-Mann,Madisonmouth,Indonesia,(153)393-8586,321.809.1115x0525,robbinscharles@ashley.com,2021-03-16,http://garcia.info/
2823,DDA1D938B28CEA3,Curtis,Lucero,Chavez and Sons,West Jackie,Indonesia,2152256724,822.815.2456x02530,wmaynard@vasquez.org,2021-06-01,https://orr.com/
2949,BF3E6A739dF99ad,Colleen,Whitehead,Bradley-Wolfe,Snowbury,Indonesia,001-024-468-4675,001-834-809-1616x86817,yrichmond@tate.org,2021-11-05,http://www.white.com/
2958,Da7D6678a14faff,Seth,Day,"Olsen, Harris and Mack",Irwinfort,Indonesia,(293)026-6170x858,714.304.1658x327,kari88@rose.com,2021-05-06,https://www.wu-waters.com/
2969,fA88e15C5f93faB,Jill,Grant,"Hunter, Davidson and Boone",Gordonstad,Indonesia,001-706-313-8366x118,(648)629-5676x0894,allenmiranda@acevedo.info,2020-03-15,http://www.haas.com/
3252,BfBDc1ea1FddF9f,Lauren,Orozco,Soto PLC,Heidiside,Indonesia,2985572436,+1-552-322-5250x8810,ariel89@orr-carpenter.info,2021-12-15,http://www.carroll.net/
3488,f1cf4EBd1c93f8b,Shawna,Adams,Nelson-Luna,North Timberg,Indonesia,001-026-631-3424x46582,644.460.5193,bethanybradshaw@pugh.com,2020-05-29,https://www.carpenter.com/
3672,e99C712DCAeD0D3,Erica,Bates,Lamb-Weiss,Savannahtown,Indonesia,250.123.3787,837-071-6153x80676,alvin46@humphrey-adams.com,2020-10-09,http://burch-tapia.com/
4352,1c5515fEee8Cbb2,Melinda,Schaefer,"Wilkinson, Matthews and Sparks",West Gwendolynview,Indonesia,001-996-020-8027x04528,673.882.8623x50601,stacy46@pham.biz,2021-07-14,https://cameron.com/
5004,0F85AaD9bd7fDaD,Laura,Manning,Reed-Knight,Pittsview,Indonesia,1923538674,001-401-676-6373x5593,ocordova@huff.com,2022-05-16,https://huynh-faulkner.com/
6074,944dF00cbD511f6,Guy,Nunez,Graves Inc,Conwayview,Indonesia,001-308-209-5784x774,+1-425-870-0427x191,rgallegos@cain-brooks.net,2020-01-19,https://bolton.net/
6290,Ade79715d026bb6,Autumn,Parrish,Little Inc,North Gloriatown,Indonesia,709.771.2453,001-373-917-8230x09810,larsonbrett@rose-gibbs.com,2020-02-12,https://mcconnell.com/
6557,BedfbB8AEADF1D5,Jimmy,Abbott,Black Ltd,New Veronicaside,Indonesia,485.570.2703,951-656-8620x96343,zachary01@anderson-forbes.com,2020-01-10,https://www.everett.com/
6619,cDAe2508Df4Da9f,Wesley,Hayes,"Larsen, Moon and Burton",North Ernest,Indonesia,149-890-7192x26129,001-182-961-5704x796,kristy93@costa-vazquez.com,2021-06-24,https://www.meyers-ferguson.org/
6731,06Fbf62135CbBF9,Anna,Park,Montgomery Inc,New Ralphfort,Indonesia,001-700-209-7838x110,(013)684-9462x43229,edward24@fischer.biz,2020-06-11,https://hess.org/
6766,CcCecee5C3BbAae,Stefanie,Simon,"Jennings, Torres and Fry",Charlestown,Indonesia,668.181.6011,(895)653-8222x224,mowens@castaneda.biz,2021-05-20,https://atkins.biz/
6855,1dEc03AD36cb506,Nancy,Kelley,Griffin Ltd,South Monicaview,Indonesia,341-250-5312,(169)932-5690x585,ocox@figueroa.com,2020-09-05,http://brooks-stephenson.info/
6937,dCeA2494Eb3dbBe,Laurie,Hanna,Hanna Group,Bowenberg,Indonesia,+1-333-398-8573x29781,935.168.5171x4862,harperdarin@hart.com,2021-02-23,http://soto.net/
7256,b2729cce9390e94,Alec,Mayo,"Wade, Stuart and Charles",Thomasport,Indonesia,140-002-3731x05445,(486)905-4334x2619,lsingleton@hubbard.com,2020-01-21,http://hampton.com/
7395,AfC371dcd89dbC4,Stephanie,Roy,Solomon Ltd,North Miguelhaven,Indonesia,(358)896-2140,720.671.2502,timvelez@matthews-rhodes.com,2022-02-09,http://www.rivera-mcgrath.com/
7584,eB86C1e1Fbaa88d,Veronica,Hurst,"Pennington, Nash and Torres",Paulside,Indonesia,502-001-2753,(966)319-6196x835,chasecox@wallace.com,2021-06-25,http://buckley-melendez.info/
7601,4aC30f4cBAd2bBD,Jennifer,Patterson,Mueller-Caldwell,South Brandi,Indonesia,662-844-8935,001-770-008-5792x962,gwendolyn11@whitehead-erickson.com,2020-08-12,http://hood.com/
7749,Dc3Eb2268524A69,James,Hines,"Ramsey, Barr and Dawson",New Russell,Indonesia,989-616-0860,719-624-0683x1496,raymond98@oconnell.info,2020-05-19,http://gross.biz/
7980,F1B0f64C9d222F8,Clifford,Marquez,"Salas, Murray and Rollins",North Brenttown,Indonesia,740.632.9733x827,151-117-4624x939,bnoble@miller.com,2021-04-12,https://maynard-stark.com/
8173,b221BF4FE05cfb2,Carol,Aguilar,Church Group,North Edward,Indonesia,+1-828-289-2383,(705)278-7162,morrisashley@rich.com,2022-01-03,http://cooper.info/
8221,dE4A3EeFBe8fEDa,Henry,Cherry,Young LLC,New Damon,Indonesia,001-132-580-7917,+1-966-552-6754x33300,amorton@bell-lane.org,2021-10-17,https://andersen.org/
8687,f8E52B7f9ADc80d,Jonathon,White,Barron-Charles,Lake Rebeccaton,Indonesia,+1-597-546-8804,4876597307,velasquezgwendolyn@keller-johnston.com,2020-05-11,https://beasley.net/
8929,4dc8DdF4D0DfecA,Doris,Waller,Yates Group,Port Lonniestad,Indonesia,(110)520-4824,001-670-961-3900x54843,ramseyleah@coleman.info,2021-08-17,https://lowery.org/
